TRbxpQVEz2bMgRGdw1mobojB6Ds73kjMoz,8860.08118
TXwhCnBnB3KUhPnYnyREN8fGEHBRd2L8GJ,2.29614
TJ3psP4pEKtLMG2NjMciUi3ea2KreKeaKy,514.62299
TLKXDWhnABvbZpWv7ABGybCgEq96YZKrfx,1.23140
TCksydNwndXE4QxcWpDza4CXtNu5FJryHN,8073.31358
TQYP7zYNs4ea8dBpb6LjLThNeNxtzjMsJj,1.85130
TRLB1qScTb3TYA6xQK5vxU76LvdZ8tJGc5,363315.66867
TAEPq3TP8FRgnHbe8qiR3be7tGa4vRFs5q,584670.34142
TCn9Sqx2TaDa2z5ciemxHQNFqNCiPD5GLe,6226.54107
TT8otzBsGdhbKMjYsALhS46t4DzkYKxiPS,3874.86566
TDXXJKh9AmeFcSkHV6PXtt3ZWh7A5knUgW,1.32943
THKxsDDThJdzZNgxwQDesntv4px6JPvS2i,2601.81536
TQsTYt8ByBpZRSWayZEi5VWe7BNdjkZXdn,85.53274
TVX5CWNiDzw26udCP4KdStwcUpLQ3yqvaf,25.91658
THrCh8a3AxmLNC8HrXkP7MUy1bi24f28KX,33.03766
TF5GVqGnDZ2TB7wo4SxEfWZFxtWKxC3p7a,881402.33626
TDysRyh5FFawwngzGZkxbDwC2A4CcSPw7u,611.31578
TSRHA5KunG1xb8YRPcUTYTE5dv13kmcR3p,4836.41172
TDQBTSvTKkwxfiLXD4QnJGELCSJNVKxNMu,99852.67829
TJKUVMQ6jAVFvFUjLCyQbEBrVcQEmt2ceD,22633.07321
TQt7aV4Nk9hXmxqyGYZnf5zBh1AEXwHjUZ,55.50513
TLQLj1KU81YneTivEjZYd4rjVzn9HsoS4k,8.60310
TVgvSBcfN3iVTU7c56uZEwEuFjKdcq3yfk,1.22677
TTT1GC1479kQT1eMqpHk6Pkvx36KTnpCpH,445.40791
TQwNjtpjogFNhCVHJL4KECC45eQ9r7Gzij,9494.43415
TKLZUYCqkzQmBxkedhH5XEGsoxQvw87Hai,6420.61031
TS832wMmQ9V7nGppn6mZZJ2y5vSJrzXXNa,43.76182
TTyC2BdG8VAna2NUYU2aQsPx6mMs5rrkcp,72.30348
TYtygMxkRZFEpvBujY5QePG88k69zcrYRH,307.18687
TE41PizjD9acC3gLECs7q3WyNU8ChwKAP2,57725.46744
TCPHTcP9eXwLmxNUPp8Mq6XoWMmxEeJzDM,5440.25773
TUWpt883dYuRNPdyfdtXr5xKtoy2nvL7ui,34.39744
TP3DfzFovkp1YdCe6VjRsGRLaatbyuN5Dg,1.36733
TBEjeELXyMg4boaxSSxBEGdwhimSp7KtXr,2.24012
TQ5G6cyxUAUZZ58D5eKZrABfX1aoMb36KH,5372.44943
TCQvKFFF1AqEqYGVcRttEU8FqZAtEDv1ye,673.18434
TYwDcSMtzHC9TckBPRG5wK45mkVHWDzMCD,475.29222
TWMXmkMZjQ2R7jFbvaxowWs89FCkCdGzqt,93.22265
TPtUC2fg9v8L9e94udTNFiEcHzeFA8Gn7F,5044.69380
TNTTwCPHe8ANuNs2yiGjYQRfdacWcuihWD,330757.81440
TJhfhzLewA11WcFh2epQidZr25ihc785e9,7.47394
TGNRYR1ufnTUGZqizs17Un7AnLNWyYyBDN,309701.05403
TSW1WEWGTHcK47zV7Ecpmb4wXp6TC5ubTi,1.25806
TNaad5rMHViWZ36oxBAdq4pupGUDKPEEN6,262109.02997
THpBbRAciGpRkD9uQDdw4DA6t7bkKVyqPV,8892.05474
TFkoeXRwEV91Ltk2RpneWcF52HXZKdMY4n,73868.79075
TVAfWPq9nSLKp5w8YguHnSg4Xtd5PfARWy,926558.61630
TYkjWDZFfq1A8Xfp7Hpwfj3X8xr48Gdb4f,390115.15805
TAqgMLxzDc3eBpLipURMH2NsNqhqiyarxv,1.58938
TH2s3Wib3j8D9pvmtt2cWrHmhg9S3WvYvk,51.87342
TXjxY9wYBTheaSLg2bjoY959axVEf3nfbu,789665.13577
TSEvNSrotwpCxxwPxH3GNgbdn1sGMubsgK,221283.64194
TTs1jcahVDEkKuWssXDqv8Ru5cdSBtn2p5,65.01955
TTehEXWtQvAE9iJ2c16p6wjZMsBV7oDCiH,36.74971
TRsMynaGxWyEPueT9BtMEjxvoFNs9fTgUi,713796.48302
TM2TeMuid96oHktbTBbW4VEfmSSFDoZGjD,70.03094
TRoCfp3dNMS2JN5Qr568B18U4k63BZue4F,2.82638
TZ7GoxoS4eQZ28CDiyNaFHB8MqR9a7knrZ,44187.78986
TRedg9bzyEka1i81Zbu1Z4ENtbB2xFPJ7w,619.11789
TFZamiHiPdcpXPAcxozbzeDBP8mrAgirLR,805.31770
TYN7hqbPp21pwEjE2Kcvjgt7QNKP2gRvtf,71179.43375
TCi1JrtyqMtGSGBYAfejUBsAtKQVnsFceS,647038.00434
TQuv9ArBojcgkFqy25Yj2kDYNm4PASmySm,3101.82359
TTWhYjJLMNxE32oWwHMcd344nHeQDZ54nv,1.68779
TVECpaQMyxhsspi8NrPAjFWX5QUBmdsiVa,43.25983
TNZQfiADaaXkvM2jQeVLLvu62cpGZK9HRA,86.24680
TDtT9WtaL2k1M2nQmsUqNvAM2Czp1CF3So,601409.25111
TLXeWANXmdAe9JW9JHK7qmF8vCp6RtZyxC,0.83912
TAwC1RjZ4j1gph4pm9RDyw7T1UYL96fEyG,30809.00497
TXqnyg8PQ8cUvyPCM29cdcFYQzTwCCJvub,44.62470
TSrVxfStbQUPLJHcymaygDNpMpMnGWKS1N,794949.92401
TLaS7HAGPVZPydx8o6Ptcr6XWqheCvrnQW,924303.20795
TMPNBrAg9iudv1jbo5BHxtwVRnbtSPmRxe,5.18734
TVyEu8MDTe14dsLYpsB96cPULzFu8aK2PS,6.59690
TC51xyJF4BEk31XJkA63xM3Lx5Xuwgcv9f,55.56558
TLoZxq8WzN4fisP6Qr7djnDuZuVETs8yDq,5765.88022
TYGyMq7R9QFFge83wTeu941vWP8uRpvMAw,7.48897
TJXnZf8fh1KDa8B32M8kMwTPPosehd3bQa,6120.85790
TUTkjrygmCmHcXUpipRinm4NhRCfiY7ume,924.52084
TDnGJ2u8kMcjWYeY7YqnWwfv5SM1cZ1RwB,37.16149
TKabnhr1juyf7TdA2sJgBHN16QeqznPRiC,958.55812
TKCcf8z8HoCSFTJJxcNHRNmQdU2WeAwu96,33.04492
TDBfjZXD1Akkbwtg9BJrv6YUHK1eDJXoV9,46.77831
TUe3A7hz931kNVUtBppWDv9VCghDeZErFY,591084.01445
TBggzym8i2n2v6qQBDwCWM2RTQ1Uk8XMPc,328.08046
TTXNE8Na6SBH4LgV91pQrgNZEENqYKMBWn,74302.13671
TDWUeb63znGQLrhPNZVhwHbj3BpPS8tHi1,55.85884
TBmAPM18akeFYWb75czCi9LphFwnZoDsvC,308293.72806
TByM1G4WxFLe3xKEY1UMNerZMeDapmH6JX,0.75161
TBhzrXTxAWJwuzKBgvhcMuPc2jhtbNuxWX,9724.75052
TEH8Kdc1DBt8LoMk13Qe7R8BqT7r3WQaNp,78159.24042
TMZcNPoukiqjeo32UeLUkVyvDoDHqFcQaZ,1.40891
TCvvNyBVSrjY9xipJxtWge8Q8m1X1JZR7Y,894.45589
TDgKGbvMZzeBkG3F6wWh4mge8taRvn74S7,656.01374
TCPY6rgzbKEbgE1f8Pwbb6tCFgqCd7zhn8,63337.76194
TMF4ZM38JrSoyDbQiXpzcqSthmX2ddMjEV,303735.50785
TPeGooBYyohyy1hX3hXQK2hzXAyfNT6u2k,939.57095
TGXwsbw4M8HbT9M7JAcF6wgZv5geUKqe67,71146.00555
TFBHJNaipsbPX8o5sotbSyxR9FdxNo6Lff,233.05410
TJwU7SD2KjqrPhTSDUkHMRaGy8rVsfm7Aa,70089.05771
TWACES2fyWwBYqJfMarpxU8m6riapGqZcq,580780.33504
TLTCvCDWuvG9ptM9fVTevLkMZiVZCkF6fP,666365.31978
TD2HvVFZ4JnGJeDaMQEw8enTJHaEPCnZvi,93.00042
TDdUt7dwg4HpDmEzGjqiLjtrFDvrqkEAVt,19409.56367
TRHCpZVXS2zA4BhgeMLVMYtSPLHPCdNHcz,15369.20995
TCbiLgcgDrZibCbYL4bXSbFkBzpKXw3FiC,44.69636
TY2TSFiSCVLwdGTB1ywz8HapkCh1jDANX1,35830.48432
TPJJtZuztjo1Ah6NKLnEaNSWkpH4BiwD2y,9.00390
TQTmEreVd9DRVttxAsT2oUKm35RufFokPj,9506.25199
TB3cRyGPNk2EgYQ8mVMpZvBCTzTU5HWSuN,6.88958
TU5zPBbvh5CFbEYtbqKQxt7o8X3xYpBUaK,73.46378
TBfUVmCUXigAY5aBfkvHHnVsA7UoJ7oMdg,12399.12088
TRbVqCknSfjyjuyTZcppfnvHMR43dp6JSc,4141.02020
TX8T3GVAfEqRWsqCpq2PTbHBekYHyueEjy,36.74105
TF2SpWbX8G3DzyXV9cnpJxrtkGZ37pHpSR,52518.64602
TGE9UU7XQKdL72HhFFFcUVSVu8tjCrfJgp,971.05178
TXDgkWXsirqKywMku93zUy9HbbifxrLWx7,4958.94324
TCRWkNCnwKf2PVSk2oka1WhDTGpVMre3tx,3965.18834
TK25gpXY4LnXRLEisqk9x8aWWeD6fv2GjL,1323.38665
TSNLAebxkLLPF7xqqgy99A8Cvt5MGZ9wmg,319.17602
TF1CC2hcRFXqSti4dRmT5Y4QwVd4CUq1gs,4.15639
TSFguGmJ3XyqqrBCEC3KFSmuRSyuwt3UE2,687.83630
TZJRyYgYHGheuHqk4dssii3KMhwdXT5T29,159.52111
TPCbBtEeCsVtuDM8vgapjCs3hfust6HYs6,2.94824
TPReoVEqbDLNPTK2AkeoDYs8MZHCZhZmpj,388.77450
TXvdMfEQqF3rSJwtndXDvR8P2ddFg9j4C3,5337.14325
TYo2oDKt4eC3ehP7hsdueEeg4GyhzLkaGc,1165.62984
TNch9gSCnHxvd2S8kBT4QvoFfR48secNiC,1.01898
TVoqER4j89gy7qRAQukMs5y6U7n3nQJse5,15122.73746
TVxVmvt7sY1Gd1boLxUnrW8tRAGQ9X9p7X,0.85912
TMnWkdv38GSbyaFgZRTSvks3hbJySTvBjs,16900.33543
TD5FV6qUGkRYXnz1FQTFYLAGhAtrU1YrBA,203624.82646
TMA65mYxEYwQG98zpwzsSN6bGftJV7bGTp,0.76961
THfcEtCwfjrBGzty7fLZXyQubNaE5zJQXP,842.24706
TTFVt8Dywf5qCvamBJqqS1g2MGQtGtgua6,77959.20420
TLnGAuQ6YXr5LcieLfMtsgVTmnULRQdRhB,4.41778
TDN8Jt1nbDviqDPzZdCXgSQJtReGNuzZJq,25.60103
TPgUCyM3puAwkaJ9QdJHQVYeems8fcknUZ,8.59862
TK7MsP6guFoArXzZxpHKA6dV3PobfhfY7K,729844.50992
TKbY1A7FTJB7H5DkkYoaALcDtC8CbhkC3y,6828.35149
TTG3rk6tQu4xHri9m4MJE5WQufAAS49Ewg,2761.02451
TGWmeQqkFP3H7qogXsA274JubSBfGyZtoH,1.26383
TDaM8wqRzs4iKKZ3khwKFmM76zxzWeQnDs,98129.41573
TBVPMpt4f5JHADPSYBtFW5YJABeJM84Ngs,67925.16898
TBv4AMQs5KNo5YpHofnjiL7nGxQQwiT2VC,96.56743
TUdp5gsiKooyJ6Jx7P6GqQsFJ3gVJR5q47,7.90090
TDeXaZFZAx6yhEJffHTRn55eYyAoQ2pBbg,59450.55819
TRXeyDAoStmS53pZCPVVYn2DPTHUF856hV,656.00661
TSxoQjzYarMY7kJGazwpWcTpk3EdNLdj3A,13.37171
TZ88fbvCWS2zHWQ2PcFipBzwuABmMK8LYk,0.79949
TWqXnNsHdgfxxKJmRgZFMVQmCAKoTJdJkr,7255.55995
TFEgH7SfVEKdkJ5nQM2ay3zEGM8ggeeZFi,1.03465
TFMZuE7skyYf2ZzJEXjAfHcSz578RoHjBM,748.29465
TYGGLvdNriY2LGnzLUKBLJSh19Lwdmt4Qo,96.11251
TS3Q9jdBS1pZcpLHrAQPH8KiFKyaSt5G2D,1.01790
TPTnbcTigeWsordU4CHa96P4KyhzXbmRht,26.49259
TQ2RKWR8cYFNHXZb4t5fgkCuD1x6QwLaiJ,8.72414
TTeJ7Rt1hBoceyjL5tFPXukPyyRi9fUMfQ,22.67690
THDoGAbehnsjLmjskipTqAtDqsxpgMKfgX,2191.67063
TSTaWzs1EYqHXK92twftSP6b1wdHW5spoX,582.63025
TLiCm6ut9NhNqbRjGWAH2Ah1PBqZAYBSfh,281.39782
TDqvBgHcU1VAJ5iTRbDoR3JfbnhF2ETNdE,56597.79054
TXy4scq57TmRJeUAP3FKx1eof9NJ76aoA9,699843.33226
TMbAdgbntBxYv9Y8BqS2GLtgPHYMJgDVH4,7.94588
TG8PQmcVasQhtGA8r5K9aN9cU4KxUYuqQH,34671.03050
TPSq2RoP1EwddPVB3dAwCmpdgNFDCu5AAo,1.21399
TQB7zH6iivMMFPQrg29ubKtN9ErfwkrZY6,5383.95900
TC8vw3ooYDce3wzyeSLcHzCbePjDwDSc88,1.17431
TA6rKh4vSFsae4LdQo6d2qBCNxNAdooXM7,336569.12319
TTpUMF4eDWHaormPL2nYwExij2AzDsA7yB,33861.72907
TYjCr9G7NZTpgUVj9nDS1uEU9RCweecVVa,10.17608
TMEttSnt2aB9UVk4PqXkYoBWYSyCM9U3DM,4012.88073
TAbGLomEteVz23ijipRDdPAthEjvJDHkor,1.40269
TANYQckjJPYg4XGDCKPFGMGGhbNJpZSnhQ,8433.05344
TEvMnEWEpbh61RsNjjT9JPSjz1pPTsvnoc,0.86531
TS2tiESEyy6EKqLqMeQbgsDhnskrnd6PRc,726.44713
TMsbEfJvXQ2m2iVCyWWf7EKWZuni97YWT4,10194.49793
TJAtTybP2dvTBpuRjwfFJhQjrMzx8Z3Efu,8.50568
TTK4fppwDFd5Yf6aAyQh3c1m1fbqSETXfp,7851.76045
TFNq1m7x6cib4ZegxB8fWpRUE3YWACZudX,62886.36895
TNu2x4XGh4iZGGPmvGmGgz8kkLorjRxg58,6.75560
TTWFzAmruJ8ywhfoS7gbmfkek99PiCcFXq,50.68290
TLaCKZGernAkxUPivGL4rHLMYiEY9ctwLe,1.59959
TRNk3PmSardwpaVoUVVntvKCyXxtJHa9NS,36.23639
TMspBFDxc3xxE1vEdkC1iffYjdubJXhwyb,0.99934
TFLjCKsgftV65eEp95qTvYniWXGkdgt6a8,6.75118
TC6Npk6MCnpyuVkpdmHLPuSyYnM54Zs215,16.67872
TJq7gLz8TCnmodKT97ajvEkcczNBpWeGrE,458087.55880
TYmKoGVhQThoANhgDPGycLBdWEBkzjoJR4,866329.10812
TGcbgkp82W499KsC1cYiqS5oSAG8yKMYab,1.35902
THwWTc3hM2yDyL7QHhmJL9bEC78jS3RbYX,3884.86230
TPGeNMxdX9hEi49LP29FXcJviy4mM3a2Yp,0.78344
TKoBcNXUyAPj884esaEYN5Vtp3U4qGAY9q,9.85929
TA8z9dawKuwhw6TJMS78oDpUP9BZHc9xpi,7173.46821
TAZxU952FfD76C6NHMn9VxdpuMkhkW15Eg,88.72590
TWCNkRQzh4o9zDAXW8Z3VfmapyionyZQxp,464.22957
TDYZ6AStnQjNYCjPUZBUVUhzF8MNVRcGmE,8.65119
TNDUtxRvZ4aWYyznLJ7kx6XKmutBAPtRMS,1484.65666
TCk3CYRcGTfTei6uGTA3Bzw6Zyyn8jpvFJ,0.61206
TNXfV9U2MjbpnxaLzM8fNd2SgtJgkTe1jd,3320.94132
TACd3ras6JNP4DaX3yVTFkNMTTcMkcWhUG,91.66156
TPLAqgdxaysSw9gqxAoTNrAxHiiWQfukqv,870.85806
TY5UML5KAwxJh1EefTmjL92yZWbY9bAcTU,0.83820
TU1oCkB8h8XGB4KoWGrcRNapquz9fhnUFP,7.01661
TWLQwX8heMk1k1XNZ2AdZyay4wQVwgnNWU,0.29272
TGJgWYKSsz59tzRnuVq9eRJAVA4jK9A4yX,53.56015
TFtGwrj4dYpgz7fmhcVc1WCYuyMjgNVRfU,771057.23992
TAfXpyBUPjn6NqtyZ8gBBG4Mnpzcqb2Wod,0.48641
TX8P7NQU3rhiCV8zaCNpuVtBgNjTHZrbn7,1.48956
TAaB8bJixQgeajpxmrprsd8VJyGV7XQ7DS,620917.21450
TX663Xsuvt9ad3rBq8gWAPydPjzSePuy1g,116.21189
TJDkhYPm7dvUueE5a9sK39NsxE5uPjPdLb,95.32204
TBAQrzb8GH4tVEKsLbakhG1mZ2Wv48StLo,0.39102
TDoj34MFYyGeHLvcAtEX1VQT24uYoJUyFn,2642.24706
TAa4LPxWHvT9VFbC6nnj2W8Euk7NArxL8a,228811.18199
TTrRP9vS65G1aa8eBDu8QKn6g23opS1KoC,533.18986
TUmWh1uYYJ8w3YiMYfTNPqmin6e22zpWFE,374061.89048
TXJFv87yNC9yY83Gz95y7Mr4x68neM9AUY,9.43042
TYHN9j14mcwNEPfS6x2PzrbATDdtYbKCiN,4.18466
TXG2YqVvvsak3MRxZNnA6PvscW1QwXAUYf,6987.78907
TVExfmWF9kRAN2tAfLRfqJi9VAhThpWGh3,103176.71632
TMchuYeHff9hsk9xoCvKw6bn7tTGL2cCQw,5.26917
TAPeHk58LzYvB7TTn3eeugADpfDsmMbaV4,620.41810
TPiiGZjE29NbVDYSCJ6Eqzuteu3T4rUqsv,836.37675
TUadiEroivDysKWBh9YwsBit6pDaJwQiCj,4372.45402
TEt9S1YJ9kietHSCAhBY8REQDMLyFf1yNd,1.74003
TUA4WF79nLSQptVF1qgbFH6559RdRAZR43,65911.41814
TXNYrqRBX82rgzUn59sTtgvQezcu1U47QU,6801.43334
TVR4m8xBW8zpcQWU8eEs8iEMcLNzNKCXKS,4.70474
TA1dfYwg3STDZBx4d8daE14reXhHDZYP7C,3414.44557
TFQznXj1gr4ZifJyCFVdtuCaWtyuryA9DX,509635.56329
TGyRBm5Gb6Enw1yykDfWWrCg9rcKiTLpm5,419515.80668
TN3o4tEgFAXYCYkuke4vrKGdkQMV4d2WXN,52194.26515
TLBxqmMkoAqp3seUdwvUSLc1ACFmPkXFXt,667.64610
TLv1jLqTgM6di7BUSb8M6aEhk63yL1ckgJ,3111.31172
TSan515C317trMsgQAXGvTi779NWUTSfwB,0.53028
TJnjid9EyMqWfSt4mHDBkMB5Sm8G2o7WST,14.95789
THdDpUDQiZBocnzNpDgFpNdzXkouK89nEq,22083.26425
THciCyXWtxUjGJqedGb55ruYSMNYUCZx9c,1.34466
TCFLHxbZtWZEgBTkSQVVV51NWUa2qLNzB9,51942.44905
TC1x3gQaseV6Fa6LJRNpGsSttT6id3L6k8,1.52674
TJB84P9Pk6p2jd6hAE1b66i4LofgbTTWcb,0.61650
TDJLzmjFzYihAg21K9qYyCT5z131pEomc2,361.03616
TXg2dbq7RATiWZxtoAgsqcQxSM25H1WmHe,76042.25147
TJjMTBWERKzAjmBxXYmUtMF1Hx2iFKMxuj,9.76760
TJ6n9eJUmHYm11AfW3YeuTQDZMUcRtvjig,15469.67048
TFYocybW4pPhobEehyYbxrMSd33eUvkvsR,7875.64292
TVBztFWup5vKg8HmNKX5Rb54gWcYXGtmbM,3.69203
TQzNCTk9ZvJrZFk7GR8PDXHYXc86nt7mTu,1.46469
TDpxRmmZfM66ctjj5JNmtHGXwEJHmajqUE,18836.25941
TQXWvpPSZikmcE9Nz32eTRVX1AMuoKv3Bg,906.37042
TWb1SNrysWeJJn4nsVnNULDXiZNzBWqPkC,42.06163
TCR85U3e28pXUbfbNTuDLjajZ3Gc5DV1Fq,0.46774
TCdj8GvKVdBEDtNJDESZfRtKr8GaW4QbRU,444.34634
TY8yXUj9wBs7VAgAwUvGjaCVmsTDCa2ju6,29309.56415
TQDEopd1YgxfbHdQB6rWUbv1tZr8QPByBY,1.36639
TKSmRBdFtvBQtJmts3RD1Rye6SVumNUWGX,67394.94044
TBx7kGAeWRS7qKLSoBrpAUZhwAzpXccQas,946197.72788
TN6yDEnqy3hFtvuYkduAbVHwupdKAzoGmw,747764.54894
TYnuHkeiFKBTDKgbZoMDezT135Cdt6FPMP,290086.26622
TP9wLbcTkkdYHP7qXfVVUn497VYfZ45st6,69.43042
TPes8uuU7YRTAbKRQQBgvEHRfyVo2Sa7XJ,1.03060
TDZtprJFfd21xDyTLMLnt7TXtvGm42Mmoc,780158.74809
TXVYx9LQA2LEeKKh549gJPqkmWqYoiV66K,205333.15005
TJwK2nbYGGNk8mA1JWDkqyDqECNgRQ15A1,85920.96106
TCKvKN7PPL8fWbih8C7CndMHT5vc9wDhVF,931937.89945
TUDKadpDoueBMCeV7exNBtFJg3t4pcqwb8,305674.62280
TTCV7wnkpEQqvLxfvViboasSWp6awrbZY7,9674.90511
TDc5rtvcwBz1HNKVGENXW4nsWdjszrAeLN,6600.98500
TJCanpSGVfGYy5s41CL6T8sxN3DbaH79zb,30.77488
TGW3RJPgDmqKVaJB7L2A1uNaUnX3az5GHs,95611.57486
TRz9GYo483NTJGau69yoDjish3JQCvrBpF,0.80912
TJFUQwp3JmezBPjuMqeBiz1LYVqVCN5ycw,827636.36987
TFcX2Uq2ga4VkJJRfFmoWBdAcDzN6tGK7k,9194.89771
TC4p6Nn385Nw7g3SRazFwFYRL5E8YWid5e,90.69567
TDoF7fhf9DromBTcoygxZTESQULpRDSy8x,26.78911
TAZntThZQG7Tk6L56GUxuzVNQZyTf6kcRp,3810.72998
TP1Ax1h4MziCrpoFVHjXBn4BrjfPg2KcEC,33.69962
TDWBVNez6fjb5JftXJjBpYuLTZk1tdF8c3,220537.55989
TJJVpp2itr3X3VK2ueGrVYmtmhNtq2coTu,32.51528
TEfKMLp7rdpvB1wLiSTrKhHRWHwQk247tZ,0.71412
TBtXSXYYTeu2tcy6AjRHfJABrxuEaLmLBJ,1.89549
THcTRyV1Bq28V4tQhbamm9kGP7MLE4gjL4,0.20797
TXkYdaWeB5r2L5Khaz3VuSauwGMRrM5Cik,55.43686
TATh6aXymQcvqZPzDNjMk19RXZvMXZfA6R,59.06479
TQwksQwqwkmRRh1yh4TuBfNWxsFMzGSbqL,1384.60741
TJr4keGRfpQ6E8pcadUqmSfncqyUnGFDVn,532.50435
TJcv1Jr3Sbjbb88NG6vtJoVjW2gqogqL7X,9.60326
TBfVtnoMETdoYnRPvzdWoWd32YTvCfSyny,8.57397
TVnmfCP4gcuKQXMT3kVg1RZoDHFNPq3pGm,37.40775
TPSZCxBzWJg9171szmLfqqz1CyW241PAv9,528.91985
TKRuyrcNJRYM4NKZiGGd5sxQsDXsSXZQ4B,0.69639
TMrgDtDvsAmXTmtQXdmCg35rpD79torM9V,248.89534
TDMTd6QmDu3CvGyqN5ujAB8tf2rP3SaoDK,672759.14251
TAWJof8JSRCCWvAsygBjuPvwdXgzkvAFBP,69.43248
TD6Bvv6YDcVpBmxvvdrVVao4jgStG939a2,1.23705
TXwxxy3yo6jf2y6Pi3Wh4edV8deyVMECrs,83489.00243
TCBkSapLScLrQEE9HV3Spf1EJqs1R9nbxA,1821.52211
THGu87LhYLBotjXaWo5UU1iFyeL94QxeTx,94.27314
TLTuXBdgX2UvDimribguAGMg6fVAM9ceBG,980491.31223
TE4tQHqMzxccrQi3bWuSaiHScaGjjiUCdX,65.11411
TLDqgMfDRxyB6wMPW1fKBRywzCPstzT6PM,664629.75870
TEXwNZL5kq7GFd3p2PR3rhLEQsg4z7VfW9,8.92165
TTK8tyWk3dvkjTct3XRcD3spQ6db1hbxTf,7.98857
TYhP65KhP9XdpKUNkHCbxC8Z8bQZmfpxMU,696452.59797
THWjJFnkdPrAoSRjSdoG1gHR94yHLWPBzu,4.05754
TUtG8c3vVLWEW3m3QDxLNU43bUZ7sRYjUS,858968.91875
TZ11rYwRUUbM9cAbT4a5REQTjhHkTJERn8,0.87101
TNoCr1JiCVgz3ckcpQP9nKcZnR8qbcenE5,769333.68709
TEn6UFLk5v5UgmqY5qStadCL9CDZN7dgoX,0.75033
TLjBT914sd99scL5MAGpFa9LGNh669J1U4,21841.35164
TD41HTL8XgzN3JUrgzf1HLFMzp1LTbNkig,74.27119
TCCgyxJvaGn3KGoubp6LATpJmsVgHemiXJ,749.62563
TYaMGbm9MBn6uaNRRnxVn42Jak1he6pa6Y,3.44696
TFmEebUm7Ln4RgRw8p5kptW5HjmRA6Uyoh,74982.27706
TKs236xEtMtdM4VcAu2tHyn4ANuGHpUy3c,59295.24228
TX9sMUthymCZ1UFSEnUz29Pi62FwyjvAC8,153.01546
THbkeABdGFdGoVLguWHgtR5vB9evCiQ2Qb,1776.24374
TZDJwAwwVsENCZujr561oFPBiq8zKf2o7w,10.27201
TX9RSUAstRPznAEXL1x2aCcPaEWHCwAno1,358.17258
TGEujA2uvuoLN5e6UVtpEjYyzcuz8bPkfs,88.16709
TWjxcS6q6WHpnSrmBRGGrYc1PYnP7c2HdU,1.74812
TRvnPeR9UMuQcwXdKcgUirPE775ie9gmMr,4.65593
TTVwokFpqffkPWhERCT5UvkNRemMFaF5xj,2.13340
TQ17XrzCMKgj8iABEU1vmXgzPHqvWiAAoq,71334.46585
TVxkfioh3uE4YL6XPBpjDbZjdqu7oMPXc5,40897.21091
TJSMFbVqspPcGPQYyEmqWwbVpYKSwQYZGX,756671.40535
TT8uCGcT1pmSuBt2HfXHYLBjXMXBAPVzKg,3846.77143
TY7hUtJzdDgMrLss39e8zsKnggvTSASVbg,9.12498
TEuajAF7vpUcoSwESamXhGv9R45rrVJvtW,423.65225
TLivL6kMPXGfS873isg9igsWbNkQiMQ34b,3272.94979
TH18pCVqBJUB3YyebcpW8JgyEf4xD9mtaN,925.05908
TAvkBxqJd9fF53aq9pp3Xm8Kzh9XbGtwgF,6126.74852
TQbsRy9xthtFG3ig8SfVgNVepqo8un3Bpx,815.38261
TUQ6VNiRBe5X73Joi9uup5yfPQD8x69jWe,97.40823
TGD9jTB5tst6yHRc9KR4ExN6pHM37WqcK5,291.59629
TTUm9oUVNPW7XoqyJGxVN1x4xu4qZwURTN,44.62898
TVr95bTvQ7rdUXAp29EA8GfvYENnyLL3PX,63295.25837
TCG13rftMkNwf7o8QV7wsNmiS8oc7eD3Ak,302.28231
TGoD2BE9ifaEEjcvz8nCPGcpSR6y6HyVaE,0.58018
TWP54k6nQCKmoWwxU2jvtcjTinDF77Gu8u,558637.69176
TXzAFq3CdqQC2WUSrQj28V9ansKbBaSZ7k,3478.09183
TVZ6z7mya9hUGNq57LhE5TLwWWrp92HYky,4792.45630
TTMGhHREswD3YP99HrKTWNjyjZUt3Zjh9i,0.53880
TV2ySvoqG9EU86urejCteUT4LbobCwRDhw,16.53284
TPjjeJmToQp4jWcrcdfmXMtq49VvQWTtHs,1.40100
TMMQM7Aoz3JK1x5iw5p14iqr1NTKJ2B1LG,506057.13286
TX9YrzRTPgfaJiRRRVCuSppvFZ3Qjw9MUV,86306.37807
TVA9mZskVWy8Mi6EkUvnRB9Q47zaG4Gf35,44.32175
TPboLR4fQzKCzU5PQytCR7KB3t1xBpvuQ6,54077.31220
TA5p8WbCngNxfgyUS1qidjLDqGk43BofkN,15.38980
TBGSdTV1smKoZ8MvWuRSBpKg3Kbw3w7At1,5.62586
TFv87upCf6ndpwKsjkCoyBfEs5GyYyhaj8,200.42881
TNANhna1bH6mtiyBM1HryzaQ9JMNTnkfEh,63.11270
TLh85ZG3bX8V3Z29yVTpJntgHwhBx5WDhr,87.13523
TEosUF5ium1r93Vr2pktkAbCgswigSQ11z,80731.58847
TXES3C9DAGLZhyBxUUrCh991pFpt1pzfax,62.17562
TCgkFfr9hXoUPmEKigoNmJNgaTMeGaFp6g,525.34737
TTWjcdEyU8t2kBS2jLh5tHE6tCNW1vFmKp,25.05401
TUzjxSmwmik4tY671XGCdS2Hi2537mXVVF,5.25981
TRZNVYKXb82BhCcas5fwbpikNiPPWpcbLV,3.72962
TKAi8UPPUJCsiER3pmnj4TqXNxAag18Lqi,63656.76388
TBjQBnUYH93sGjiG45xzuQcEMWnMwEP3uH,5.27836
TPyvvE8xt9DoJcJ3ppHW6wjverXnL9NL3S,39464.84927
TAou9jZs56mJD9ULuSid1acH1ALBobKaQQ,839818.78226
TLwSBW5tR2YnPN7CLCg3PiM54tkP4o5UB4,78.18993
TVisRRTXN7XXXJY7sTYV4kRuLhSABMbVM4,22204.13006
TQRS1YrCeoZtbm13TaEJguggyfkPwrW5W9,914.52608
TAPj9BDxetWc4E3gC3rUPA6SD2dBXEUNCn,497.27713
TMmiKM9pVjxYEiQKqVfiYZLa8kykRd8kwg,7.94235
TScwVK46ZkBhyN8a9CzXeRxqparkuCtKEp,535.45090
TCUne7QHCoiXWQw4tt958iF2bCVyquy4fV,9204.03931
TCPm78wiAQ9JzZ6T387wnxRcV2v5gEmv6R,808.56286
TXEzWwd8xifzxo6reENb3R6cPTxEknztxN,52.61675
TCNE3EKtoEb8UxXmGNyU8hsJYaJYQjD8A8,1.08597
TPuXgU9uP54Dp8e7D7KjCyUk1x6gSmWCNe,602442.95553
TA6CWa1JnYujZ72bZKrHvx3caDpeUwfP7q,4.01996
TSF6txt8npaKHVKBJkxquMeW5Pd2bET2L1,7.34860
TWfGctuHkWNUz764DVsN4sbtWsShNXEswd,1.55045
TL6ciz2PWmarpEMKgmTF6uFLWQma3LiS7M,842.39355
TNqjiDegzv3GZksATrSarnK27oAmD8vafQ,85140.18009
TBgsbNQpBuM8hJM2NebnoLCHxnPX8yBYb1,63698.51927
THBcJQs2ZnoZx1CvUorGQhtRkb8pV1yd5n,874.00612
TM1YCF34T1RtULtCSsNLLTDLBJNnaKjLWA,1.30175
TSR2j6G5veJ4fTxoKaXAJQGqGucbbRLUwW,114215.38789
TXkD1m7BSX2TgfhVth7P2PJKq3gysihnM2,108.23860
TG6LBe9qNfyi1jHaY1zWKUf5DpfuN8podD,375.16734
TZ7MHt6Gd6GhmNy3GkWpxpQ8t8GnK1T1pj,23.87235
TRv4NSzVzen3tQjRrLRgfBFZqKge5sMqS3,59141.71135
TDKnFG5EAW7sBrQXKvEBMbGesNqDsjrGNw,5015.93573
TR9XLbtuvEA4LGdYWzRB1PGbaUwWsx3rpK,609.30937
TME3nHo1LQHCexCNkniS6jAcMvjyrmRsNP,86288.28829
TBQhwwHoEn41NGjdwSEWDpZZk4VBbjyj9j,1.60449
TKLDPWTJWGMi3Af5b1Q47njz2ngbM38a9z,94638.59739
TU9mQB7V3ZW46meJL1syCUn7jCpGoobPEU,16617.74037
TWvwjo7yf7VMVE88tZ4L8UFv5CYhPzN6dH,1.75856
TFHfcSbaixaeGyjWgqUMuCA4gTY5xqrYNp,4.05504
TREgCXx1p2f4QHfG7rpTsPPjQ3SPzFWsjQ,86.54694
TFfjA43zGXRpfgiKS6Yv2TbReYLsokiyHf,189.55001
THA9phgYBQFt76BqyTjiuM2c4tiLaMAtTA,2519.03224
TKCkghxpPxksG3D1JnY9SvEWxQRftHi3k6,9078.45981
TMPDsSWE8Xv7BGcu7k5G782reSmFsmrcaC,3.60100
TK9Q32UDYEgWhaYoD1zdkJ1LBsFem9wYNX,966198.34203
TBXS11E8qTcjtddEKArMK7ZZ42N5y2UiQU,90.37036
TPUCE7Eyi8U77r7AaGsFmpYzJkUCnupPvM,7.35065
TQcvaejn1P3QVnBJ8LyVz7dpQrxbTMChTv,1.77793
TC9izDWQxdjhgSXqTDmU3AGqtcouspgUhD,199.22268
TQt82E2qejUU8E8D2Tuv16Vb5B3vdLdzr8,85518.68929
TKBuNJmN8tbufZ4tkrxgRo1tdDCUZQceRo,2.61777
THrJsyXmmF5vCmcRy77sMuPZJ8qJT4G8YM,749375.57133
TVxz8GfLpJnrLsfB7WaPVsogqZfnPZZgMU,1.11428
TLAyFvRnqUWzkqtqM2BcrASCP4syayTk7u,162.85844
TYpgAgb2WdTZMwS7ptBvKQxfZxsLDXwUby,820.31158
TPjHonqKYCmcfY7DARqTQHLXvdSWZyptFA,78272.49404
TGWqNarN4ExV2DGoP42XGcjxzc2ZghCoHE,8.83209
TH8mM2mB5Dq5nVZNHXdfwZeTP6wSjixj7c,0.86408
TLnsBo9XwzQkNUSrj3Ag6tZmktPAjqAtQN,918575.60962
TP6rLpSuwuw2auDiWVJ5QhysYy5v36T9NH,2614.81682
TUhc9DTBgeELkF2uGiouaXEf5aXQHAnJzk,470.18258
TNN4Zr5rBgVwmMgxJoxR4MxJbxq343aDRX,8426.79488
TGY7GWSdA1unQuQxHf8s2gXew8uLtDdSeV,38052.15550
TP87NxNsAUEWayu5vPkd8Ne6FTV3XG6VxM,47197.72955
TVKkdN1tMajpybxsDNspLYPjzmBzm4UcEw,701.73000
TQoDbb6F4YSuYspor4arm3x3B3hCb9ejXR,1835.37519
TPLE19q8xmCwZhg2XKgdBEnLxMFVnaLoe4,357206.25628
TZ2aVGx16q5iw5YzpwK1f5wLB8couYh2Aa,62355.48140
TLBLtWXJYnSgvqemtWa8p9G3DShQWPHHb7,7.23707
TJ7iZNJ8PbaoVtws98ktd6L95dSrFPYGia,3.72327
TRPnzVxLR3nZShuzKMdcvKxfFRAhj1C5aG,67177.20928
TW7gnfUYy5jsfXhT73aRECMfL88CcDT4i9,660627.34613
TLTUsR8bbjBuKdcAcas2uLPw433kz9CDts,8.23252
TCejCEQgGzUT68JPVde7L9TP8VKCCUEPae,1.31596
TLWKMdqZNFFLf68hHa7uvCEE8k25hY9aCZ,0.25972
TFCrQZT4gMfRXYCbSNMfAhgZ79QtznLuyk,0.90508
TNTheEbpX7WyEWbjZGgeDFruW2E2S56XkB,6127.75634
TSocQzvkX1qDUJBsmn3SGoF9Fo6FapmRYM,6.75029
TUiVFjgrC5N6gXVDogNBauHZW39tf3TJDd,471.10326
THxbEHfv63GEqCfL2ehdxFZnHBbronTCq1,6839.17696
TNUS6QTs4Fp7TetTbaFoYHTorNSqEDZBnG,5143.68649
TDgWd1bZ8HC7j8BGcnhoEPuTuYNMwrUmJT,533.76921
TUS2XdC4tjRciiD7W42rmKqs2EyR4weTdb,1.31290
TG9K2GxueitAurMpAffnkpHgH8PbUij468,65177.03225
TJyjBvXqvaFLb2MXMMwfbitt4wh2vgMr6U,4.25030
TLLwuxw1AL1gA4AqtZdVwRHMHQFLZuAm63,1.68934
TLbwzeLn8wMFgqMSgJEoux4gREpVuMfma3,0.24614
TJDGg1Z69fQGejwMXt4WvzNnhLJfDWYm4f,596.73406
TBQ3CHin1KRyH3WkmsXEMf7PrpH7UGDDqx,0.78799
TN8NQCBJsCVpinNPZ5Mims1R5a9L8Z7pbq,492223.45051
TXdvrzTtB9V77Fm9LpGSDdukmoCHYSwvp9,943.72964
TUpds5TTMLR8P8ZPrrm2DvcT1auZowX3HT,18747.13122
TPkZy2fmReiYjmw2QjEAHUHRYwb8WVPTMs,488.95061
TN4YdWuazHzbDUKcU3xaaSPesjzvCk9JgP,9685.23860
TDj2oFLcBsfCXCavtW8mHC8EQpML2tuRFQ,23.72848
TMVaWuaRJXWQTGPAAjHyoqPcm2suQaGzbQ,1922.43066
TWmjm5efduqajw3E3waAoWb2Uu7LMQ1ARc,1.03276
TAoN6WhaeFB3yJo3m6QeZhMrHhQZJwE587,4843.61797
TQUmH1ri4GcHeAzERrN4tHKFowsGhRYkpv,71512.04072
TWstFED6ox2a82V3Pe5R1LHrbJ64qdHYLD,69.05458
TDuTjnoWmdQKWDzTUq5Ze6XyTGems45J7r,2.48794
TYvSrdVgjaxnb5rVrYwPxiiNJa3RHd11nd,317.66295
TCKgeFx4WLt2Fw8XHPLEVzSXgqWEjugcZy,63137.12564
TYvgaCvMhuSgHrJhn5sswnyJbhkvLWmubz,3.17359
TAKrJqS2PjMoiwRYr61bRXN8WhrtsaZBqL,0.79213
TE1Vp5pbRU9TU6Hig8d92Wy451zeMVg6vU,55.80942
TRA1AoQtpjrGVukL47qe9uSEgyJXcfTF4y,635964.08643
TJPw9tSSJ8aAiJJoXgxw32yaDxnPiezpnw,70.12404
THGF3mKtEpaXbhkXtxh8McXvgcufnqLw4n,197.68377
TMRSrvW2T2NaACy1T1Vs6dmGYjUXkQ3Xh7,1645.32945
THGXMUn6ghhk2SyLi4ZXPc7pf8DcyKU64X,0.16601
TZ2roTpS3rSnGbVTNWjBbets9D71uJjsr3,199.26484
TM2cYj8oYsRu2TY7fiQ728Bvbj7z7TNh7G,227.69668
TFMfY9U9QeefLje9fv7BzdYpkA96EUHJHw,2.11520
TNSBRwueLU6NHCZ82sLnqujVXaReLp7Q5x,5.67933
TBnyJai92aE29JKDPQKu956bczAGUhaBya,3.24718
THUDB6kiJTFwKVczREhAXEkuD6q9B8qfi2,888.16079
TVNedbGb29xcyzyAFWhBFM5vQtN5YJzD3m,4086.37786
TJTTygAU6MCcW3fa9MYTFeoPZ4yrz55wPh,38.00347
TCNHJSqejjhyRbd8LsD95vnVHVXGfFfcLa,48926.71317
TMWVHjQ6vB1Ysdo5ioMTHwonCVeTdEdGqX,50.98893
TTFuAznm877GMi2Z2HYbVLDLESs7zByWXG,88686.26961
TMuG3VWgiYb1e1AEyaP3xn3KHBTontyFtg,7.82579
THGzZvomsEeAMaehp4RmR5qQm3PyTLhU9G,1.13119
TWLPV5UFye8mNoyaFuprwscPsk3CfYLdCr,345.36187
TVc69dzmBYdFfP2ZQDK2WwMhFq3mQALtUc,5907.03146
TUKNfk1gZ8woqebFAdzcNvmAeZG1QZE6ZG,95.99931
TTgmojibQZBSBfXShXrUup2dRGRZb5ADv6,3.52927
TCoHJNs5qoQ5XLYsgLh8hWDCfoEEzxD5nK,0.58103
TCFVhhw1s4YKhGbG5HN4GehiPMH62jbFGh,0.78348
THjFFCwYAuacQNitWE5WE8t8Znuy46UhBP,63.84208
TRupM3otytwWV87zQMzWVdp5fuR5v7AHdb,1.12332
TXkaQ9cZuxRCFv1MVtdGzhqCCSx4viv5nc,887.56029
TSKqHR62LaTKvfrW4u8NGYuPF1YdKtvcQs,3.13615
TKChbBtPCcMimzHN8D8xrykrqdUdJhZQKd,8270.07259
TG3psFmoC4C5z2wiSpdWdShPyUhjHzcEGM,76.63167
TFUaSV61n17spau4FWvekXP545mhgUsgBe,51772.39753
TX1ADfpzadHYm9eYADjcmEk1zbEwMi5yrk,14411.32948
TJULZSbaAos6dtJpWd4faTbbk3AAqxKSNt,7.12758
TMZocxtXD9v3eeyKpUeRPPhNuHd4ni6WSQ,44986.63829
TP7rdnHSEfaiJrGm5W92tMbqfevLr6rPcJ,94742.91789
TTtmFZS9ipG9P7ptqnzyk69dGP5GkziJrw,6.73932
TFMHYbtc5MpQhHeMvbJQH8tuwKvPt1yp2y,72.82906
TVhQaVtzv5vPLifdoVLuuzf3uR2TjDsrm2,312.11302
TAAWeznYTezrPEjQJaKFc8fCHjDJXekGfa,96.57551
TKrZmTspXbidJqQxwX6LnPbTAbMH7vak5d,6612.03712
TQ2mLwNDPufJyJm8npf1kaBZWrhrEBpLP2,9525.47228
TQQfjFmt8K5Crt7YZs2jdhap3CuRbec37o,92.05680
TNmpa1pUj57iZsbRhzjGmp8z6qRsVgnirk,56.88449
TAC9567ogrPmjRUmkFRua9Hx8sxYU7Ywsx,2225.87290
TNA5vpHsSnvYcjDRHJNK3xZEurJBtubwtD,697153.79135
TFUJ7wG7SVPHd2czbtzjAroQcRKJA3LZAG,6092.52929
TWEt7AMfKEizkBuieQDbYTLy6TGG2WtVT9,7788.09698
TUxQzEfNp2LJ2taWVygaN4a83yMPKTs2iV,480.65932
TX4vpTcE4VLwEJ2RwqdQ6TgaKPDixBJ8K2,2420.79878
TQAE7NWzozSLNN752fWA4VMo8hDS1bg7qW,124.05319
TCs8U2CAfQ6VLWDvy6jiTnhmXhzHvv6ycW,714.43506
TBgPsQmbEut9B7ruyZKXHDd24Hg8xvH9gT,845519.66472
TYvAKnNvXzqcpd7e4aidXMGWHVTVqVv9De,44645.47244
TVbrMLTLsThBc6EmfpLLvnmTxZKBLm1Abm,11961.09489
TCJyyXBW57hXy1Exf1PqjZYYcQZm8v6kWc,0.51100
TEsyHWrYMcQpLawhwDpeeWhnPmY6Xh3f8y,97.11864
TM6HBCnACWLdK2xd3venuVKYnyiNzKs4Ct,60.27947
TDhVW2ieLiQ6ktx6D82YUXm3nZ7q6GJTzt,361.31123
TBX6JdMxHrQHMDdbAmHxmcq2DUc66TgMgu,70.35496
TUrAX1tzny1TUXZNLu2CMEMDcJVLtBojXW,764409.46243
THCZQ8gExFh2G1gRygee5eRbVkuMTto47e,1774.69791
TXWCvqdGc2KwNNeKdiQWudtVCTm2Aa9SLj,169.33676
TU3P5mgxMHCZ4MwgiGVUJCfFXG5QoPbaNY,660883.60197
TJ647U8tcFRaSkE9zmWNuMDyxWJy4YVgVr,190.73826
TK5PYAekU6UkYbUSZgdg6G7LMnqCq4TLeF,70972.56599
TQHKANk8tGVWPZioCR64a8XYBkNcREWzgs,82.39614
TSmd9oPx3SXsUQQcom9LxbbHU9vYeEmHpJ,8803.90036
TZ9jpAYFt93vAVo2X2cNuqEjQnd9ojAzZN,62182.56077
TLECrtPwhjrcgqVqGd1d3KRDqQKYKMubCf,10738.09065
TGvvbzMskKmN2EdM28Tr1AEZVvsSPVgdta,68398.23542
TTiVk7QSy2hSy9RcvE3SP6zZUUvhyhKDxh,38568.49196
TT8oARAU7435v9h92uCRb4QQfTCwaS73bL,799.18898
TQ5piqB9YgLVDnthC8wkRTaTBxhvUv4rQt,258795.46534
TKi4N4tmiSEgbYmgkY9VQUGdLr3wz8MwM9,9558.55870
TTXLPqDNQnsgHL2szMsbzeNiKK4jaf7zDX,83.47624
TCRgDSFmHGtYCUTXrPQq5NEJAFRwEsDZVa,392440.31382
TRh8JtgPPaUkB734Cu3HiZkHL9z1cNbNzE,93.98419
TTXsvzzesPN9mctsu335pxyGFsnExYmZeV,199.63183
TRXsc9SV4FK7qKNxCBcTtCVZKjsgdHczgu,2683.28325
TUhZCFsd4dqXATiopn7UHC2SVU4rbmeDwc,2.39502
TCyQkbvYMMfCM28QHwz7gJowQ5JAi67HUi,35398.82309
TCVMbK7iyKA4FexqhqCTC94KixAHpmm3p2,155.55046
TYx4TAh2T26jGxMcBiFeguRa25WYbxgT7p,4298.73514
TLJBMakCJFYy8qnzJMPBqZwb8VmB368ps2,3.51688
TMLcxzZ8NMmMuXRPAPUsCmuQ2XLsgkYiXe,585.35603
TSzbJ9EhNBs3Z7mtaZtCfnpMz7axFQHLHH,942.67313
TXVnZgc9zGJAfiCLFUy36zUfKd4HbiFfp4,0.42225
TUUwYxtEqh4kGf56qzmuKffa79TyHZRnGY,82988.49344
TLaQZHLj8xnvEauGw2L3Hp4bDf4qNgH23J,493.68803
TVfs2b7BhRfjUPPW5hjFJxwzxx4mZofAWC,7838.06406
TMonEAmBNVHGBUcRgtP3gGPsJQi4cHXKAv,1.70130
TE1bjhwTSMHnZRXL3oLvaXmLUVWWNJjxju,12079.49063
TTojzGS1nQiFuFFU1W3rmnGdSEHK3DAnjG,13709.34739
TN4Hmp28tDHfPw8nxUC9GvmBthH1KXHpad,94.61084
TMGkYouAWkcapoYbz6FpPeuoWPTgyunGyb,854422.15367
TLWqgG3a1S741FVFGDcN2CjC87WM8Jttrx,219164.97068
TPSrb37dJgEyA4Zes84wJWDsn192kex2bE,9505.21123
TSAmKhp6PstXimA2bjZ9YocbgmPiJuDEF1,910722.90490
TAYyonDfALvteSCYszQaqq6w5rqp9j3uP5,344.05745
TGqjKRkNfK2r9YSdUZZb5L1NXzpCjoTYZY,62505.98536
THEAw3xtRLz1a4nyLjDgq48YqML2FfBaJv,2.98738
THhtWHeG2WF7MzqmM1NX4PVijWUQwzS9Ag,72222.57198
TKm5f9trwDz6rmh9zC8bWjbbLTd5SX4Qbx,451832.01718
TKkBBzRL7vEUvZrHYgNFyZRYQvKPNm9CSt,61893.78245
TKooP99sLWdcAfhKPtENLJwXUtZugq1G3T,5253.35794
TJPr4DhH1u9JWTA3sQLHiKNYwByYNXNLdW,1.53649
TPLvpxAQjuSwLUxg3vfGYANh3XtRsb7rXK,35008.33627
TUf3sBJxgkkYPNi5i2JzDXF5wVjoP6J8Z2,40.08527
TY53x79mpPVxjosAfZvDQW8K8UD33ZDehw,813738.48882
TMAmZMQmsNZgTVFzL755dHJhw6DkMgZkKq,913616.75971
TTRbq8dYj7AYwSQqfmz8fR2j1kQzsLZygy,8.84591
TQCLGzdekP5GGkbdyuSgm69WvxiiXneukr,207.55058
TXNipNxJtEPs6RF9ni21CL3Qw4sq4GE7ZY,1.34912
THYdTjJ3sb54jv4yQCiAxva9qdRw9jFQc1,2.25305
TGFJp1SAT2TJYkm2H4uNtzK7uGCcRsEAvu,46544.26858
TSX3CDWyXFLAN4dzuaXeoqUxEGVrHADeSa,1.02817
TJn6TFPwZg8M2YwmjNNvqX95vz7j42amrP,30841.49100
TQDkqBYdtnXAXpVwMFpQeR2yKNWQicSGJo,6.72414
TVcqGfBPbGySy9HwtmskBmUTDHYWstTDMp,271.37770
TBkmzGvyzWBVEfXL315dabW146vYMBrjVi,451415.09402
THvwoFfhVK4VxX4QwB7zsQW1TuuFSmhbH3,7196.19964
TUmTKF3jzmND8rjTaEcqi7cDTk2g2oaPW1,4.97075
TMJxgSpKwU48KFzCqKyUB1AMTsAxaf5MAW,89384.86148
TPtAzSXKmCrvLE27sMfGLXo5VhduAYL4o1,8.12569
TGsxNCM5HMiSQtQch6gN1zJo5WGaz8JWni,875.08437
TQsNnqopH1RFegNY8URCbUVPDY7QKsstJq,10.14898
TUXN2QzcKSRoqXgbBcBaKSsw7FpDqWLxch,1.13517
TF12GdMoiqVC47zMh7HJucfu9vBr6xtk76,6.14934
TXMti4tVNbZ4T8B4dwJDNFUrXybBAMTVPU,821015.50196
TZHMsyZyDYM637dnsRKU7pcTC1y9gDjXWH,46.82058
TVM93LBMKqvRTFdUBhYwER44Sg1NQSSSb4,64.56065
TTQYRnvA13zGMhD5LN3yEnT3EkUdp1BvoJ,127294.00771
TGxtMVn8ph7UAE52V6Hrx1zM72UvGKbbbg,317.21960
TLdTWDpDC2zfSZkZLTc85VBFMvSaKdTc9T,68383.14779
TCCuK1D3GFfZXNSXqYHiiM6hXny2AgbfA2,0.59586
TVDKKYZfSA91V11QR53BkMiD6WDkLAXf4r,25806.62030
TLUxzEuLat6edNUzJwa7xw1nHUeqYyomvh,632172.78160
TKMJbx9VSMgLgZiC2MfFEReAU8TjGkzmvw,202.68957
TSV55u5ZM2q1Dz341pMdcsAbY45SBptADQ,18.42955
THNNSpSM5fAbmhvy2rKvqfWiC6As4o21c8,6992.68114
TLXxH3FUmRRL29Rt9GfrG5JNcUKPuzUgcF,4.83767
TWSbibcjA3Ne9frhVeUq399efeNUg5AubQ,7609.22232
TN3fmfQq491xKgpBP7h6VXJXZsYyVyySWY,6.82791
TQRc6a7P4wuqSfejAfWHRd9axBfaN8dAPo,0.42985
TBmU7FfNYNG5DhktgtvhqkY12Qn64DuyTQ,31.06888
TDgofBpP9XWmTmRN7WqnMNbwfoHnRihAqM,522.13551
THikRzHqMuAgM42Bndc5Kn2REE6woVYq1U,821319.85430
TUQKqLWpYb4iGzr2x3FnZDMWecjPQnamc1,0.68733
TA9RDbgxP4tigD9qoiKDECRkHcqWoLfp67,33652.89704
TGbzaPzRYG8MAFDkHhqrCwponiwhx7uZN7,2130.76446
TC34q4Xg3xjLZzfvozYfCyYQuWxrL65bKa,0.53844
TGsLPt7drDTL5LNrRWA2vUP9xtvhH8CNMw,22107.57187
TCA7XZJVN7XSZLPSgVaCfXLgV9XdNe5TCV,468.26693
TWAawuuWo474rEnrmzmsZXRKeaYMbBzLdH,94.51473
TVPGq47b83qQSk1bWRsd2ZPYaMPwd2KdcG,705.32079
TWC2LPkrhZiPFxveyoa54ptdcG5oGDGAjW,64590.04287
TXbeGKawdVHz6tFPYtyJd2XE4fEuGsMYZ9,273146.71186
TShxmP1Q1P1b3jGQHgPFik9QtL6eUXPWVn,7793.74128
TM7MnkaN4s8QHjAAETKpUQL1nka92FNSv1,53258.21877
TRGU3BiWbByHirmCiKktY7nDZXXda2txV2,5897.63856
TWDS5CzJe9JjyozuoNLDkL2cHFK1U2rhUE,918176.59633
TXRzNB9aLh99JUPPStWYQ7JpTCdBH3ry8c,50626.66156
TYPhqMd3ENY91eYQ9SuXToEPFQG2YEVb1q,10.82663
TXFq7CDZnwjPQSwjQuaYz8ydGraUjik7uR,0.87707
TFwg87ABRG7MRd3JTvSaizyqogcpRhx4jS,160.95234
TRqxfGwL245TPjJwurjsApNWGAVkhsYATw,22402.98490
TJda7BMrNEWtGmb6qsPnd6a3VNRxSXp1wR,9061.26135
TTzAwQqsSsADoroVofdUUdLLQB7r9aVoin,76002.97369
TJmdKcNbDZafKVEAVgGBmX6qvecq8JaT7R,356.16565
TTCUGZSUQp1DYeBkatA4q9MuQxf3ReBsiu,5085.05795
TRFxW5Lh6qU1Ek6vELo9jXp3jvbHBJbgt7,16741.38988
TGqw1vYvSjkBYvz65BuYLv4tnK3Y76cfUe,68.52304
TW9YJRC19YCKnSs4aChFLBkhFVwZMKUmeV,97925.57042
THogVbevCtoH1xNamsXY5G2HyjXuaYyLA4,44.50084
TJ8588rFueUUqzmZbiWqjPcZ27RAMivdMf,621152.21392
TX485HmL3fbrCQF2G8MR1fm3GVzR5mCQka,0.81937
TFWi3m8yF4sPjbMVep7AS3bqUYS3EfLBc6,56134.73139
TQNcuVnSPfBwge4kviwZ2xvv2DBNUGRwVx,4405.96966
THcxLUqKQnTfzxM9ZzL3LH6r3mg4GBR17z,7.83413
TU5GsDw3t8jaPNsFD9b52M8kmfSuiPhh1t,222.32460
TRRJebfKKMEXXWnwqutK26AVD8fy3NmBNm,61.71841
TJEDn2JXJDT23BDSAST6ctHKzt5TK85886,54.45733
TJpHzFe7ViXpkiNssUBAEgJeuPeXiJdQ5p,21.18566
TKwYwJ3FEjni8rZkMj6K9DiUkE7wsULMzr,940833.57172
TAscrSHGVXx7eEisizq4ivocJme5K5Dej7,651005.97507
TLEKrKxDZ5AKgbHpo7jbWrMnCG5tSj5Bv7,834.85942
TYEo2kYZx6W9a3544AwFqvhwAEYqn6jJhj,613.63522
TUpmixowPYRmWuzXbJpruqJeo3pvuAQKPx,24120.62585
TWfckVv2MYSkAYJWQDkQun7TcmoearRiyQ,1.37929
TAcTGWXnB1fc1knuDGFBzT2YmRrkdCh4PG,3365.36889
TSNczhzJ1QN4itdT6eXPmrDHBS4E9PyRAB,8.16056
TTMj7gZZgqHvfGGo1kwwPWZ2NQwfkQdr2Y,4158.72781
TSQUvf2yMLGrs1nG4zDdVcVYEiQsZj3h6A,0.58183
TMjWhH4knmWuFgeE5YhHfnZzeKJ7ESk9et,45.83805
TWkj7tNJWsyT9jcsqTTynZwFHCoTXan3gF,4850.11499
TF6v3y9A1oxjMyYyMeXsDMM21AUYcyxjbz,837734.52606
TSBpxT19146rxdZvFwn1z5Q2zEHutacEe6,0.40990
TCW2qP6vo4LDUoTrRTDiEv4Sb46cEcPxtQ,5544.52477
TVHQP5d6BatM12Mn717GdM9NH1yV5cBK2R,7655.10233
TEyizvam3MgENLqoGTBkG8BJhr3T7HZY6K,6.26342
TH19FJx5jvHn4khfsoWpXpkZTjD66t4p4p,8386.39504
TED4bJwvS5zRm5yj1xqzDVSzE79DFG6Z4R,7331.57662
TY6vtFfMj8hEhYgSb9h6rTdAF1tMvVGeDC,876.58174
TEnfXhemJAcaGE2A7zJPnfp5eh6fGSK1Kz,4536.98984
TDs57wzcgFCs1VPkT5sHr2EAS9iKeFJLNe,32.01355
TFmHJXQ2cU4Unx27RxCA5a9H19pbRjwUyg,9.04203
TY2jLwXWSrQ19unAo17JCB2CkY1XEX7nr5,51439.72555
TVk6HTtn9XxbcLYT1Cre876BqfrnU3Gq3k,61.09595
TH777qhoiRB2rDVMQ3ZThDgxY8t3baqePn,1.25799
TEg6KignKXgDfTLEeDw1tSLZjm5cPpoomc,23450.84387
TQF9geVWpkCQYBkF7hjKXkfp9fEnbb9KT6,608984.21749
TUoJGauWKFKhvJaZbHT5DrZZ84yZwwLC8J,687.02166
TKVy94Q9QpjsbHTLdA8rCC5rF1VJSqkMzM,1.40955
TNfwSofoGteWZaukSbVTp1R6rSrZJtzS8e,240.94188
TAuQdeXFhdukA9eR6muSkKmC7XKmHe63zn,281.95878
THZZq8FL7pKAyvjR7FGgHe5dRyRQxutuac,9.00284
TH6K8sMqQjh7WGk7HPzs9PiRUHWPyp7RCa,41782.43654
TPnXrdvR7jYv3r4Whri6DdAA8RdVHvMigS,1.26353
TVYGasJS6gghpCFmDkwb5jE39AMXxCE93S,29001.64140
TAfUqUzQknn9RJsqCWzeTz8s9s7Wm8XBLW,232117.36517
TLpkFuurmoqCNzAGZQS3MuqQWtGZFu8cji,80.45293
TKfkA8TdN8C4jxsQ4ZEiQ83pX89Szjwr5W,0.89846
TLeRcW15Q99EmrpT6gpQvAhXeB1jYskUJQ,7.42327
TG96kZvC3KEXAyxrTpACXcEYAGAkyiXkn7,0.85341
TV7J3G6AFdPHFYV15Wq8fDYKz6mdFZBXU9,0.93480
TBHagsukCJZAhx79G4aDFXYbtJkGwVYXJt,9.81258
TA9WSF5qo6vqrEi5fbD53htiZmqcwXM6QM,404.45109
TKTuQByGe5qZZVPdJ68BWQkQpwjcXP6czG,47.30881
TCgz46FBKpPRXSXo8v1KiMAfozfiPcouJ2,38880.11129
TMad2Anmw5TVtMnDKThykafXvWftkh34ep,10.26535
TEVQ2Dmtw4ND73su9WLYR4UG8ADfwTfubc,981.28345
TALqGzRXQWNe9gLqMWgX8WXaZpFAo62wP6,9992.55090
TAy9a95Vdn6TKiq2i9madq1U8RLgFSLe6c,1.09764
TLmfW4cceqWzwdiA6wbKcz6rjQ9sYmgT1m,0.67000
THrPFY1pVDdVy7XaTjbkqMeNJPP1kHKQuH,94.50973
TAbxMrgXJhxLLi7gPvAq7rasxmmucQLumB,5011.54947
TARfr1S4XFSUSB1eGzYMVPr6oTAXwVb6QM,8681.68564
TLX42knSJQNn6K4mcYKG4yax3vFQTjviKq,91369.65825
TDnKKkc2KL9ARuGZU7QGAkWFWLLM1NpfW4,51.73211
TN1bzgoLM6C9brJg72bR39LuNUq7y5hSv6,518.47297
TXxeTQejsN1oompBJ7to6f6n6Nb8yvsiuQ,73524.19659
TX72VXV6aaEogXM8jnbmnrkMHPdE6S4JFp,1.00966
TCD64LwePDeeimimegqTKQxzWSTdkyyjHU,94210.74413
TQ5mL9PALaRPdEw34u3hBmscyBqZrKwyKw,42.15199
TK4mHKZvEQXa5TxWJY2vYNkDVZ1Fi7uRUR,9000.95652
TWSDNfjLbS4HLnDAYrqLqQkXZCyWQJxqBB,873.70486
TWoJ5VoznHv4o51ZHf3TXqX6xWMHC2MMiz,0.73191
TCukWWTp27S3aqwEde1SwgzZVWd6tVmDqB,423963.74124
TY4dZ4cWVvgyg38ruNKo7dus6acUEs4yuv,111669.18825
TAxQQ95sA5F9oV7iLobJGfxkQsKZHfepc6,55.31930
TTywCKt9T5MoBTachcHsJbF4kZirANjVJw,91.36388
TUXa28LWpYyxiT2mUkLfb3BaFWu5czyp72,265659.33197
TQPvekzUpKMNTvSBzVwCzF75Uo8SybSV4P,855.56858
TNTxzWziunPab5gCnQQFrERJff3b5FRgic,96339.36092
TQRvBrNtsFcfYbwoVy3F731WiMj9cGa7Bx,44381.61463
TGinCvF4fen5d8KuwUtmsQMy3k2V9rZVVp,88.57418
TVEmZTYkr83BnCxhUzTYXvHXDq9hFVVmVW,64589.81923
TYSoQWwC1KSk94HNMfwA8tjaY5aUkt3i4W,225.81664
TU9AVuwoL2SULani1jnGMCtJD7Rsi9ceMr,8207.66705
TCgUi2u8uKy6nXygGCKwYUGvkmVcecQwSS,0.33570
TM5zdcqzNfGh9sEjQHYYaneUVDHthFC23f,1.20722
TVQV38uWZkmGP71TaDELSp1wrv6qvvuL9A,60515.69385
TD62y6TgNSSSTnSV9381uipGXbVJznsZte,3356.22716
TE9o6hZLJsvYer21GqVuNXK4ipX4dqojHK,1.37951
TSrPVfsKPHg9xiE5NKmtxHeDTS82jJgD2n,916.69274
TUpcfcxF6PHXZtTZSZi5exs5H7ACLujNjW,1.14438
TLLXVB3qNwgQW362JoNgfV4AW2uMrkFY5x,7585.07792
TTbcEoRJKR3oXXnVEF4EVf99QrNGznR4t6,1.41146
TY79RRZB37WQ4WTbkoz6yB782QbRKBWP5T,6265.21851
TSF8dVXdPo7U91BzZcbyWDiKE9oGjJAQp8,1.01314
TK9Tu8UFw8WcyDXwaQtUUQZvqrGxqWt8d5,670470.55340
TDzVXxGrU3NXkk93A8nT2FBnfGuqBJnf6z,1.65991
TSnyStXtSEVJRiDZYQfXNSRJSEoK4PRZDh,1.38325
TLySv8xrimopHvEC7JCydTbTFFfcndxhss,80896.49724
TQDstyLCTxdinU5edZfSKdybiVmT8mZExZ,32855.30881
TKj7GgHeHtMxVxCC7z7DgguNdLrGAfet4M,883.31868
TV3nbMNNagFfRc8GwD5ngF5TLsUz9PcRF2,8192.35971
TB2GomPzQAsXr7L3fr9yRN1aFvq7ARpDTr,0.14099
TECVE1QdS8CDHbuqJLdTRqzrRDrrn75mkW,1892.91999
TEH3CEF2jUC81Nr4TpGSs9MFHdMPns1Syk,22.53038
TS7McgMc1y7N5MRL1cRi7N76BQiFfWkkZg,233586.12204
TXXW3ccRmn2VVto4uS41sXbEtQq9BoVp2P,21132.24802
TEQHCLK5UDKtp5hr2PUVdJ2EKk4Mf7vwQS,0.33241
TUMVQYdKaPK8zBJ9arHdENY2ZzE81XD9oy,0.72228
TUhukv36L2CVYp1CGTqBP1atdEeb48F12k,814.98538
TJF4zjQJuTBhZZhen6i2H55qXSXik4aPh8,1.27727
TScwBkCgo3J9a7N89ofvjWwYL6L6f8c8uX,410.90925
TBQpYRSuF7BTcDETHP6UY1Z7ypYidyoP76,517.87425
TBypn9q4ffKaCtcLNaVZS2j6zir16mqYD7,143.58763
TCF3SCEDm1SByN9HnvvL26aDhTsdXeBcC1,2862.30447
TEkK2ZoaztX5T56BKBGQmL88n2q8A77nZk,542.30045
TRpDLno91sekAnbeLw4vqHfj7HDcPUPNuk,1.66530
TVq7wfUYaw1hg4P2TzS2spQmMszhuiyXkJ,134021.39380
TQetBkWHNnUHbeWrGP7tzjVLDhsf1eGqun,0.86118
TKBgxTrWniuSfzSEXvuAoZa7eZfSvCA73M,86072.92262
TXnZrBZWYuJhFsKMEojFVLvmcCxgKgwrfe,2.76564
TXZn5jt7HfP1Yda6avKEA9GGZiQYnkDpkC,44.00930
TSMAoVXETJxhdQ79j2XHCHxuXALB4TPpuW,1.30539
TAFffXAEUXrVC8bXrtkSsnCysXadLqx7vC,1.42534
TLecY8vMEKJuzfXFrXbvfUMUexwwE8EoWx,2745.36706
TJoEmxtGAgh9gpbUBUZotroEmpXyeMfeSS,77456.57907
TSFdj8FwSHf1UKyDgckmKnrsLPBdwnwiE9,85759.43117
TMNGjMwTnD2R1uKfvJy3MqjERF4tLdrspW,37104.31919
TYzJKjmMYKj1crJMGj7Q7AL5uFM69XJNGm,592.81789
TVa3jY11Erg9VfGxfixCM3LC2hLbP6gNCW,0.24265
TANmfoQD34AYDgc1f1CbLS8s5xjf8nF2Rs,659418.32506
TRoG27bP7hiKFXR7kCY92d9yfdqi8cKFEQ,807189.82331
TGGUNxSub5U1PDruwDP5CBA2Pt6rcBe6P7,2465.64805
TAQkGnMubnhYbqS48EpfXnd49qfEFgQvtz,4671.24398
TWGqPMJiQiTTUgcML4orenaSpR139BMbAZ,30.54790
TKSHshnef9VYLGjKY3TBTWdgKptWKjmkiC,1.17760
TRaMmJnKALq1HfspxhKdS79yo3GamMkAoC,1.48789
TCm29NXyQqz7o7zxH8UjNNADQjVSAYm8EL,45840.00823
TKBAwpjpyNbBP539oniiqEtfjBYhEuQri8,100.40187
TY2X1HWhD71aXDdmXGBcjKBcMS1nHNf8vR,56204.40435
TH42oWzWaoFP2Pih8qvGorcKJ74xAe8s1R,8885.20522
TNcHoHCZv6TDwWnoT2YEqCaAuDUdpGcVSA,1.31866
TPUrwHefDifz4NdzQyuBNdHfh7pq3AN6zv,645.54240
TQeA8GnQeJjpFZLiDeeTYCKW9kd8ZcTQSx,30.55826
TAVGHRNDQ2jrQmt7JJJAztmJTaLPEuix3f,0.72021
TXfBuMpieESQhtXnZsR5AYBG6NTiuRj5CM,7.76707
TTmahQDd5CSrvp3GgBTnaNr3mbLS1pA1i6,48165.47812
TLpo2EK2QExVEAJHVBJrSfz8GYLHLZZHwc,0.36031
TYtL15mYqddSmG1VhdF1KVdzXWhUrohctW,5579.25141
TCaHqGtHoN9SF6KddiUpR367dE2STYdbNv,789.94611
TRDaWH6VQVcTBRJsGknUoRqkwaoPsDrB2h,8994.29826
TZEJfYHyEjtDsDUBWWdcuCqUpvt6ZbBVoD,1.38743
TWjjwMorfAJEj2QPFrLK5kdcY7RV937KwB,62.40516
TWU92PLSj6Bs1NjMnTAJod3qEJ2QxUjf25,1.23160
TBcXtwNZVyxnQreJtH1rLDKYXvkRCy1uZP,10.68790
TKfc7BGxV2PE26ZeWrSDa12co7yGk5QMMk,764.21389
TQEBkao1J8EHXZx5QuHgEmB238NaU7G4Gh,1.14450
TTfWofaVVMxhstQTjY4ZrMmV6msM6xLY3L,5813.29442
TUna518Dp6fEruyu4kyZhWaKcdy6LKMYdg,64282.55398
TLrjJcZepAreMXeRAZT38viRdZkTEGvafe,745652.74516
TVZ68jZPyzYGJTPRTcavLPzJyVCopBxX6s,603509.46303
TTBiH2jiXgWQhUkBerkaviAgdAdeUz5bpX,22.57720
TQrYj2VHTwYfZrTxh32q5EBUxuqeNYRRGE,34.15796
TEkd8hN37xoLRNguKZhh9o5P31zeuviUc8,11608.55695
TXutismJpmc7HmkCEjMwXMC3BN9eaF4wCG,814.78876
TNUcCi1qyjdc8rW6MppSaiT6GaPAzQjr4d,8.31983
TSRTad6VXYwSCsa4zG65xE3QbjFSpSY4Gh,2511.80835
TKw47bMWP6D9yqbDhrinJcLKYfmuNHV1Fk,82420.02751
TRz98wQxCptRreQKUQ8fBF3s87H387r2Tj,30.02109
TXTDDKjmBtcNxEihusRkpG4VnNR5QrtCag,2746.32207
TJCe8wpS6cALXTbtucNQYDQn9jx9DCUQ58,76352.32725
TN8VAoKpwZUrS23YKNre4Dpo449vTqGw7C,60015.39777
TUWQNqMAk2TTM82zk6ydpMYa5otEge52yo,7.94989
TUCCan22tCLHw76X6p94fuGfjQgoCj8mmS,9671.09863
TYm1kb5ix54dKQtFbPnzCjxJZLw9N1tRa7,96.85361
TKyLtaPRWnfy5Ytw9Mx5WpZrf2qqNH1TbU,70022.78419
TBCrkcbFGjupVduioqLsVF5Lx1aXq2dnFx,6871.59105
TNXkgBp3jiT4pAtaJp7TBp2numiBS92R4h,4.74949
TKiQv26jzZ7gjNfcrFLABxLjH1jAqA6EDe,61173.36014
TUQwYSMmVdhkitQDPZsdsSvJxu6qY5MLBC,51.49203
TKqS5Bc3Zav2hU71yYLyLiEWPeBySGxKTY,171.84666
TDBRDMgonMF2UxiK9dExJPSpNKWgPUs8Cf,99687.20373
TTcoZHbhiAZwZxFPz5PBDHyPedLs3rkB5a,0.40261
TFQkJ2tJUqJejkc9hEWWoBWwHDPSHMPEb6,6869.76398
TTovcd7p5RSpAnQVnNZcrJ6xFHdZCPCED3,3308.53307
TBbJkyDUmsLF7khwtXeBZqqe5RVVcJUY6i,1.57989
TM4nYytCCpJZpC1h7BfmmK8PtveQk4Lbaf,78.59234
TGFPB5Wuyu7PPEbpFXUqus5XC2CsYJBhXc,0.64728
TKJjQF6oaJXBP6LHLgt8y4biyGRvGAVV76,1.33503
TCeUVFy4UAzqPS4UpHHkfZgAkqvAPZwn28,181215.86844
TU4KTTH59McxrkFLCBVABvUMcLDKATDDtU,0.69409
TUEVY8cq6xBkSvkqF2mvxHhavPy1P5H4qx,806.95187
TJqFsHbFHRmJux2yBYZxuj8aDFC1GrGfP5,9.08929
TRxEry59QFSEypsCT6tRB6NKq3PL4raHBo,567571.52784
TWBEpSWWN6RnyZ6yb9b24Jeu9sNdWW6No7,22335.88452
TXze8EdAnvEG9JWxAwb7Fghp3aanQGCbJV,74400.06347
TFMT1LcPbVKKaSFGQpYe8aD8gHgmMx54dP,1.31081
TUa35iVkUiGP8qP1CHP7vZuEkxKdBKEk3T,9136.38500
TGxWxwcaeZvEEVrwyyHH2q17poB1RAnuAD,0.12453
TWPHomieKewn7kL292LSpYD3jpjFSeVZeL,221.81938
TToLRGkLQazGPo27aKqdmto86eiQAxAfhv,78038.26551
TQjr43yuugQF46BjdzuxiCwT3HEW6xHPqj,0.69649
TQHNaLtNxKCniLJN68ujL95YuvJsrQvKXb,521.94466
TLpU5aLjny6rTMnuGTF7kp1QXjaPTAZHc2,7.08061
TKnM543ErsWqvQKgEaJCkrq4fJ2FaCYLti,62783.85518
TXm1opdvPS5SKx7GAo2MfsUc5Mejabj6BT,103.62497
TD7BjpgjMJNBgegTgwaHpzDAo6GrGsvEDe,3174.18797
TJFiP2hNKL549G4VSHVePVEAqgAFJwieLJ,69863.98722
TKJQhUEiRLfnWyptJKqB4WRBKVdAGoupzn,9320.56661
TBKXoWaXZ63HmiSJteSKUPUT1NAv89BG9d,30289.63570
TAquAJnFLW4DbT3g1r4QEb5Rx5L5n7x5Qo,83.48868
TFrwRCrXLJPLBPKAis4DCP3UUkGRqqDCyx,1.53008
TWNPhvJZvbKq4LdytBs14NGtx3LYtSMNFt,4.21567
TXPceCpMgjXgJ8DKxakoM335fpGYiT7XRo,133.10759
TE7kPahPSnJZWo5LGpRVyWfs7a4xVb4Wdv,20604.13295
TMeMryGrTEF9FtQFDNoDG9LwfmJFWBGAcp,2095.64881
TXvUkroKUf8LmEtDGyfiQvabnT4wD7R1kW,840.86876
T9ySzzB9M9TDH6VjXrdA4VciDZtAN8RUdo,86.49065
TWPbjYAkKn1vx84s1edsGzL9ksghdFmJoa,927737.83060
TQhSqHn3fqf2fRWhfcRo9thUmYdAEfAm3L,483.84139
TDyRvDwa4a4GqYVCtyBCAaPZMQ4wpoksjh,629.53704
TJPDjFEW9BtLfZogdydQ9WvAfEneGbTZqK,2647.99911
TJyWkDt7TnG2GrFZ5YEEuPsPSwac78hgvv,85304.40022
THvp3eJmCTD1EPCaYufm51nHbW5h9fda1N,482487.36100
TCUPzJgoZWyycPJsDBshYknKnx2diBHjCR,0.21773
TCpiYffbWPW77XJq88qRtapACCWiXpiwfY,6375.25872
TAEYFcVMCax45tH3TBQJV7CW4YRzypokdv,8241.19707
TEXzcGnh1jX1DevMo48F5qCNNRS7j4za3F,206.18557
TCco6N7Mks5okHwxghzEDPvoKfvzMMR8ud,0.90066
TEGDn7Qyrh5vpEqh3Jws1ybAJfKEPPtwgW,1.70321
TKzCb5m169B6yhMA7FRT8HTdDNSXzRanmN,6.60713
TKCpgtJcKrapRnqwVrUi36Lfd7dsMMKxFn,36.45849
TAUHp1mGWnUUZkaBTGM8VAtVi2QZd7yBvu,7.82769
TCyJBEXNNY1bFKB6iWYEHN8F6bXS91VRCF,186782.37355
TJeVXbAKJwWWXaXx4a3uYVbGwSo1bUXPTX,2522.11040
TBk9xxyJeFfgmVvhZUVsD47zAkdDkcKRoQ,3.86376
TJafeMRB4F7KFew24P13kKPefdE4XuXnua,4.59016
TF3sKJUA9HwsZtGwu33xe7j5iTMBmUHtib,534141.33227
TTywRXr5wbGJ76Xjw9Ed534VXDCtoXXjcC,618.13361
TRcfi97h1Qg4kPhBs6iVpHH2Leo3PW47i3,7.95530
TTYMwh8kGoSWUD6T65kyGS27dVcsiGUzxm,83.84782
TWxyff9GDnjdYg1EkzxWC5iPor8fbhUUVt,7048.02498
TQGDLRgitDnjRbZVfy7iBQQ8x3DXtDedwr,8.36254
TQ5EJEWoYrCdNC2f4Ucwcy9nZCiHMdnH7z,80.31134
TR3bWRR2uAKUpNXG9Hs1r7pB7FLTTos9Kd,0.74724
TWY17QCf4qgP1VsjF8c6bRo32YcrwfM35V,970493.03365
TUQeitjfGpRgiNXoxxidf6JiY2UxNXJcfp,1.00382
TX9QjnS459D2vJBXC89uGvrd7fESxzvdZz,87.14584
TNqnK9jFr38X6ewwSMteZy1kRmvrX77f7B,77.59647
TKzCLdTzWbX8MK4EkDDgptyvMBvugQVyR9,286.61419
TFHVWGmCrKXGQhWxD8Tezy7RkTJtbCyyyY,4596.08604
TJ9WiPoffEpa5pnreuawXUJ9BAtAwcpgAX,864.96278
TEKGZHTZCd7QdXpTVZB8d3cqzHcu5QVjFh,0.62171
TNQ1DxdgNEPDvmEMuhnsYHyeZhjXJkYZ2Q,4.05849
TFfTRF8hCpADg9dFDM6bFGa8cbZcSJhWPy,961.66610
TQ4DavftG4Me8wCJWknTxXf9QZ1QWf81XC,88170.53595
TCWUTJBS6FxwPyUzBcSujrx1RS16xW1UtB,10026.53572
TXVoEJg38YnTrzgcKvexdThewegmaZYhNW,8.31471
TE1emCn46fj3Df4eni2CM56LruAPRuec4P,55.53045
TD7WCGx6fZvxacUBjRNzLmcymeL5KanWHs,3509.13053
THRvMAgk6bhM8suEYJiu6e4jUdNMTaP3Hv,834206.00189
TPuRbpzBF5zRNZiS93roETkEiRrmQaRu4E,3.91710
TTyaFhTZp3mbWiCy62ZivbMPdMVCDPggcT,1.64568
TGxTFJxW73YnpAx5XhXYwdtmnAetpPChh3,4.41919
TSm89YUQGrhEC2R1kWPUt2jPVYjnbPkVQi,1.04963
TGBQfo2mnPzv64mTPBBdE9z5wTnorPu718,14621.48637
TZ2sWu3RqX7MVz3iDJtFBjwAE7oMxhd7CQ,62543.98395
TRhWMHT23FgNdzJ3XTRB7AusBzD1nvkzHr,72.69887
TUdd55zQ4V1P6J1zukCAUhkmyax74npvsG,120846.46239
TWn1Nm2CTvAiUGh2FFo1KZdtj6Hp939Nb4,1.04423
TYZmuf4DdF2CAiRx57rGcMgQwKV3JVQMFX,531.80174
TDxiBvM1J7yJxFNn3Yfi5ReYgUPpqbYwbr,91.41706
TU6iTjPyHjsG3DksRT1sio5D23aKSSErCA,0.17942
TN9EpWE4wS7twnoryNVjxj8xxUn6LPmYAp,3.45690
TN7DHnCFaezB6ZE6UAhUuBbGQauCXHa98T,687.09235
TKJf7T7CoRo2GoFMidjrwgAt6VydYAYYYp,0.43037
TS5QfxExAa5WURqnGogBEafHAMMSvLzWZ9,2.67260
TF7DrtCY7EYHE2SqprtfD6eRWE6xBeC821,999.68898
TMmQGacti2aY1zxXhMEPKFZfkuAsNW4Cuq,10.38112
TC4JRFnr5m9c2AMzea75yietUq3zonjKJA,96.64349
TFCbL11tw3Mu2hsy1MSeoL9yPqK7CDa9c6,9.37109
TVwZrdpmgQaYJqwBdBSafWNwQYAw5RQJfR,0.79873
TLx8AR5Pi9YnmhjrAPQTquif7buLoRRHJa,573679.48301
TMPoDxVk3Skw7XevXsULoZVwpnXh68cBTJ,1.59717
TSpeFXpWZBe4itXRAZquKBXZ3aZLkdSFru,84510.27320
TYZKSd7YSghmoKeRcT94qdzqpZuz8HHHL6,1785.15598
TVqfGexNrr9JWqLo43PX9qqtVA3v1hGFxF,1.02420
TVYLyjyzMtc7CJ6zbUpWu45rYRRxH9zoUa,37248.07916
TJ2oXHW3n6Gke56THqU22ZNEfiLxhd83UV,5.71637
TVg3hCaMBDMqncx5wf878KE6KNsbEtnm3f,8239.72111
TAYz4w9g8H4DBWRuT3ZTC9uxGCLBr3SLuz,65.70945
TWU5QeosBGKp1EYWgBfJsckBdHgg7ogZhy,4337.40805
TC9gXwzVXqA8un89B5j1jzEj7yTDNd4a39,81.11813
TH2hJBMjS7u2nLYkxPHd3uEzd6Ap7pSSDz,2756.50269
THXpMFKvTVzPCBLSMz2MsmqaYgJNixR6BW,96312.37880
TNQk3xN7Wzs6RmGzmRcK4MqHvVmtbuSpup,1.20701
TPwEoCaUdCXSskMorGtHQg6zuw2bmeqVuc,9076.91977
TYuQHZRndYRTrgYY9WWEwh7Uxf42gGfh8H,47.88705
TH2BHhrTLZvzqHmrUVvp6PKZTrvrPf3JAD,9760.95565
TTiFLeaTqw4mhvoNRaoEs2yFZQvvGDUeFM,0.68333
TKjy8956hhycUAz8KyGTyYyEG6XKcbRj9a,16006.90068
TSfPDAgKVVJ9N65DC4C7msXY5aNq57KiDW,5702.19149
TGP8R8fsNFHbCwKtTmgBgNHni8wrE6HMVK,187.92816
TQyVqycaDKu4Ytzmgz6RyEX7hQLqHWMs9q,74546.89655
TTZGHKsw5Q5U7ky6cg41dS5t7zeCs3mRTx,1.92342
TLPPKqxbRsJ4WPZFi6z9EPiFu6mHRCHfoK,90877.98880
TRZQvEbu81v1deX3hXMT9n9dbjzFFXN7iT,320506.36673
TJy5Xc9WJh7YXeKuZvdTHREYmZNHLwQXKV,410936.29264
TWLPEjoh3YjFkrAb498DpQyYp98PmEuvMY,4435.39522
TNDdApc3L2TMYKNf65y6kSp33qf1iks4SF,5722.67675
TKTvkbN6pgpZTY89hARkb14TQmsaEETu4H,970077.52931
TXcMXbmbfteePVydowtrUACaNx1Q3vd5x1,88397.26215
TRKbJV2LnTy1V56cE7VzznrTgBVk11V7Mr,15.03464
TEo6HUcR7UcpMAoCnjXAqGi3GBzxoyWN8Y,8.25027
TD5Xv71JEWn9jNioGJCTpfedx1gcXuW4WT,1.04319
TJ1i3RoY4v553DEDCTuY3rR6tthxN75r12,96333.47505
TPWQT24Ka8krCCLE6NoPqcyD4rpxktYTwE,8691.63919
THRXQcLgru77xMCRx647afuiCkxXFbNXxK,566.75630
TUWxdoX1YsbyPDPNYe3woNE3asUvt2yN7K,8971.41824
TDnQfxxj6Sq2q8EKYA14L8tp6oSzPMdSza,13704.45032
TS55CbKXkxhyDGfsZBXjhdbY4h3N2keiJd,497.52424
TWyVF1euHvXPZoo8tA9FqxzpgzsKQAEvnJ,5708.83658
TRUuYpqwZvvNthT9PvFUhSihhkhjDCwQzU,30.79177
TTfFjgpBRQuAbsuzcsPvx6QXM3Homzpfgu,7625.17132
TX8MRk8TqZYSbBiFCApwBaJsir5dGx7VWR,33.52351
THjpsyAbcpZXCbYn9g1gpZF9DL7VMYg1Js,69676.61934
TVeTXYYaV4zfwvriXDgPHHymh2Rh7vaCGG,7207.82620
TN3KPGYZh9bNsEEnMbzh1VnFNy4BqKWtJ3,73.19987
TY8kF3aPjfTFZP3UwV46DDX5R9aJnNSVix,5.30851
TGgFHZ3Jnqn5hgZKZYaHhMCKbY7ZzPrFcQ,337493.52963
TH2Tk7y1mkSEDh3NUXmkE3XHYnku75o1sx,7.45881
TNZmLjbxpknwpE1vnboEv16s9ZrNqDYNV9,5091.19638
TBcq8VAxAT8CK6TeTsrbaqP1YGAF2p5W8S,8122.68924
TP1GFFwPHa2ppfCNtMiP23NPyxv7NxRj5j,587.63408
TUgPwsCDWFbsawj6qn9XkH5y7bieXuJciF,22.96761
TWi4ZMf4RH6Ci7RuoVQFx2McTRD2sPAdL3,1.66975
TAb9nJQcTMNWeQmXnUZVDPJ9KEciqcHb6Q,1.47983
TFj75WHijoX6RjP93EpcnRGdyY9jrjzZH2,1.09597
THgm4KvtnBpWcxrqfdbxrgwytM21Kj6cdX,37.73256
TPGRJqsDmSdnEeqPTWUEKStCondPPXfUhS,6.21281
TAP2CXYTZsQQmJCg7vcGCPSBVTh1J73cuq,0.60998
TM4aYB9uiuCiE6KKX9tzczpkMNoBs6xiWL,113.25568
TUr9GZ6yoLLWNu3m1BXaPvSz6Hcx7HJ4gP,679.81590
TUhVL5zuJUqra4WWmXa8TcmdfS54emPuhP,92.65656
TKczuvCthbn6fVAwTBqZX9y5ErmTRzLktt,451.95183
TCdCCC5DZ7VE6QR2Wggnu3nCGxDypLp7U9,93.14857
TXUM8h6Rv929p5oZpupbczSMDPX1xBdDC4,11465.38897
TKqLzFu8GP4hc1MNWWnZCgK2MBwHZnAXYV,97251.52396
TYZhbbhEC2hZ3RjRah4LtHfz1ZYunkvvXx,8.43958
TKpTFa8ExtZ6CDuNUb7fU6SHabFaEBPfyh,69.17958
TAqrYBPZF8R1JvjTWat2w44WxkaY3xzKaY,10.62783
TJ4ZQt7fXdJrH4GJ7Wj8Xw4m9nxAgYLkow,62.83322
TA7yy6AAgUig5wCkYXf5wrFNhXUcgaU37k,86216.92657
TQbV9mUh4setoUMZ1bzkFPajNGnKaYFBaz,6.06553
TKRraqpuugtpEqqJd9xwGZyK3kPUVsP36d,1.25661
THyqZUBKr46MCzG1qkbPua5ThDZE8bjZ39,8.70603
TY1vhYbthPEeWnRJ465CNAgpMZqCViRkhZ,345828.85839
TS2z9oNDaqCDMAqKiVp7Jg45QNqByRRZoz,813.49226
TSohAQFCG1ERh8Zi5XmbxgMXsnSndNA7so,30914.88792
TWLbypfTuQ8goQ4aRFChyMdABi9YgG8pDp,3.85963
TWVAJjjP8AqaFNz2MeyfhGTmycf5tRixMa,12504.81167
